-2.000000000000000000e+01,0.000000000000000000e+00,1.159968669526278973e-04,3.637978807091712952e-12
-2.000000000000000000e+01,1.052631578947368363e+00,1.143304252764210105e-04,-1.518053431937005371e-05
-2.000000000000000000e+01,2.105263157894736725e+00,1.093919272534549236e-04,-2.968373337353114039e-05
-2.000000000000000000e+01,3.157894736842105310e+00,1.014745575957931578e-04,-4.288004856789484620e-05
-2.000000000000000000e+01,4.210526315789473450e+00,9.103277989197522402e-05,-5.424012488219887018e-05
-2.000000000000000000e+01,5.263157894736841591e+00,7.863205246394500136e-05,-6.335632497211918235e-05
-2.000000000000000000e+01,6.315789473684210620e+00,6.492308602901175618e-05,-6.999600736889988184e-05
-2.000000000000000000e+01,7.368421052631578760e+00,5.057027738075703382e-05,-7.408321107504889369e-05
-2.000000000000000000e+01,8.421052631578946901e+00,3.621600626502186060e-05,-7.568329601781442761e-05
-2.000000000000000000e+01,9.473684210526315042e+00,2.243140988866798580e-05,-7.499695493606850505e-05
-2.000000000000000000e+01,1.052631578947368318e+01,9.700108421384356916e-06,-7.233893848024308681e-05
-2.000000000000000000e+01,1.157894736842105132e+01,-1.653263097978197038e-06,-6.808306352468207479e-05
-2.000000000000000000e+01,1.263157894736842124e+01,-1.140551830758340657e-05,-6.263702380238100886e-05
-2.000000000000000000e+01,1.368421052631578938e+01,-1.944099858519621193e-05,-5.638746006297878921e-05
-2.000000000000000000e+01,1.473684210526315752e+01,-2.576667793618980795e-05,-4.971023372490890324e-05
-2.000000000000000000e+01,1.578947368421052566e+01,-3.048437974939588457e-05,-4.293744132155552506e-05
-2.000000000000000000e+01,1.684210526315789380e+01,-3.372620267327874899e-05,-3.631830259109847248e-05
-2.000000000000000000e+01,1.789473684210526372e+01,-3.568928514141589403e-05,-3.005169128300622106e-05
-2.000000000000000000e+01,1.894736842105263008e+01,-3.657426714198663831e-05,-2.427826984785497189e-05
-2.000000000000000000e+01,2.000000000000000000e+01,-3.657885099528357387e-05,-1.907260957523249090e-05
-1.789473684210526372e+01,0.000000000000000000e+00,1.704861060716211796e-04,3.637978807091712952e-12
-1.789473684210526372e+01,1.052631578947368363e+00,1.676218525972217321e-04,-2.399297954980283976e-05
-1.789473684210526372e+01,2.105263157894736725e+00,1.592120243003591895e-04,-4.675590753322467208e-05
-1.789473684210526372e+01,3.157894736842105310e+00,1.458108599763363600e-04,-6.716145435348153114e-05
-1.789473684210526372e+01,4.210526315789473450e+00,1.282822922803461552e-04,-8.427022112300619483e-05
-1.789473684210526372e+01,5.263157894736841591e+00,1.076967964763753116e-04,-9.743933333083987236e-05
-1.789473684210526372e+01,6.315789473684210620e+00,8.526454621460288763e-05,-1.062945666490122676e-04
-1.789473684210526372e+01,7.368421052631578760e+00,6.219859642442315817e-05,-1.107942007365636528e-04
-1.789473684210526372e+01,8.421052631578946901e+00,3.964074130635708570e-05,-1.111729434342123568e-04
-1.789473684210526372e+01,9.473684210526315042e+00,1.855047776189167053e-05,-1.079131325241178274e-04
-1.789473684210526372e+01,1.052631578947368318e+01,-3.138702595606446266e-07,-1.016435053315944970e-04
-1.789473684210526372e+01,1.157894736842105132e+01,-1.644901203690096736e-05,-9.313366172136738896e-05
-1.789473684210526372e+01,1.263157894736842124e+01,-2.961897916975431144e-05,-8.310428529512137175e-05
-1.789473684210526372e+01,1.368421052631578938e+01,-3.978418681072071195e-05,-7.229014590848237276e-05
-1.789473684210526372e+01,1.473684210526315752e+01,-4.710307985078543425e-05,-6.130611291155219078e-05
-1.789473684210526372e+01,1.578947368421052566e+01,-5.185572808841243386e-05,-5.063981006969697773e-05
-1.789473684210526372e+01,1.684210526315789380e+01,-5.440392851596698165e-05,-4.067034387844614685e-05
-1.789473684210526372e+01,1.789473684210526372e+01,-5.514270014828070998e-05,-3.161879430990666151e-05
-1.789473684210526372e+01,1.894736842105263008e+01,-5.447167495731264353e-05,-2.363362000323832035e-05
-1.789473684210526372e+01,2.000000000000000000e+01,-5.273490387480705976e-05,-1.674480154179036617e-05
-1.578947368421052744e+01,0.000000000000000000e+00,2.594928955659270287e-04,0.000000000000000000e+00
-1.578947368421052744e+01,1.052631578947368363e+00,2.543979207985103130e-04,-3.933885818696580827e-05
-1.578947368421052744e+01,2.105263157894736725e+00,2.395072951912879944e-04,-7.635542715433984995e-05
-1.578947368421052744e+01,3.157894736842105310e+00,2.159238501917570829e-04,-1.089412398869171739e-04
-1.578947368421052744e+01,4.210526315789473450e+00,1.853553549153730273e-04,-1.354466076008975506e-04
-1.578947368421052744e+01,5.263157894736841591e+00,1.499291101936250925e-04,-1.546960993437096477e-04
-1.578947368421052744e+01,6.315789473684210620e+00,1.119692460633814335e-04,-1.661957503529265523e-04
-1.578947368421052744e+01,7.368421052631578760e+00,7.376429857686161995e-05,-1.700534194242209196e-04
-1.578947368421052744e+01,8.421052631578946901e+00,3.738732630154117942e-05,-1.669093471718952060e-04
-1.578947368421052744e+01,9.473684210526315042e+00,4.516034096013754606e-06,-1.578669616719707847e-04
-1.578947368421052744e+01,1.052631578947368318e+01,-2.364352621953003109e-05,-1.442786888219416142e-04
-1.578947368421052744e+01,1.157894736842105132e+01,-4.644209911930374801e-05,-1.276278198929503560e-04
-1.578947368421052744e+01,1.263157894736842124e+01,-6.370648043230175972e-05,-1.093596656573936343e-04
-1.578947368421052744e+01,1.368421052631578938e+01,-7.567186548840254545e-05,-9.072088869288563728e-05
-1.578947368421052744e+01,1.473684210526315752e+01,-8.289769903058186173e-05,-7.274733798112720251e-05
-1.578947368421052744e+01,1.578947368421052566e+01,-8.613533282186836004e-05,-5.615476402454078197e-05
-1.578947368421052744e+01,1.684210526315789380e+01,-8.618516585556790233e-05,-4.141044701100327075e-05
-1.578947368421052744e+01,1.789473684210526372e+01,-8.384916145587339997e-05,-2.872007098631002009e-05
-1.578947368421052744e+01,1.894736842105263008e+01,-7.985552656464278698e-05,-1.811789115890860558e-05
-1.578947368421052744e+01,2.000000000000000000e+01,-7.478525367332622409e-05,-9.482853783993050456e-06
-1.368421052631578938e+01,0.000000000000000000e+00,4.116109921596944332e-04,-7.275957614183425903e-12
-1.368421052631578938e+01,1.052631578947368363e+00,4.021371714770793915e-04,-6.726048741256818175e-05
-1.368421052631578938e+01,2.105263157894736725e+00,3.745395224541425705e-04,-1.299427094636484981e-04
-1.368421052631578938e+01,3.157894736842105310e+00,3.311487380415201187e-04,-1.839648757595568895e-04
-1.368421052631578938e+01,4.210526315789473450e+00,2.755208115559071302e-04,-2.261742629343643785e-04
-1.368421052631578938e+01,5.263157894736841591e+00,2.120099379681050777e-04,-2.545914903748780489e-04
-1.368421052631578938e+01,6.315789473684210620e+00,1.452905562473461032e-04,-2.685241051949560642e-04
-1.368421052631578938e+01,7.368421052631578760e+00,7.982492388691753149e-05,-2.686025400180369616e-04
-1.368421052631578938e+01,8.421052631578946901e+00,1.951719605131074786e-05,-2.564834721852093935e-04
-1.368421052631578938e+01,9.473684210526315042e+00,-3.266762359999120235e-05,-2.346619439776986837e-04
-1.368421052631578938e+01,1.052631578947368318e+01,-7.484332309104502201e-05,-2.060684928437694907e-04
-1.368421052631578938e+01,1.157894736842105132e+01,-1.062857845681719482e-04,-1.737420971039682627e-04
-1.368421052631578938e+01,1.263157894736842124e+01,-1.272802910534664989e-04,-1.404396898578852415e-04
-1.368421052631578938e+01,1.368421052631578938e+01,-1.389181124977767467e-04,-1.084378309315070510e-04
-1.368421052631578938e+01,1.473684210526315752e+01,-1.427891402272507548e-04,-7.933884626254439354e-05
-1.368421052631578938e+01,1.578947368421052566e+01,-1.406705850968137383e-04,-5.410076119005680084e-05
-1.368421052631578938e+01,1.684210526315789380e+01,-1.343301555607467890e-04,-3.308683153591118753e-05
-1.368421052631578938e+01,1.789473684210526372e+01,-1.252971414942294359e-04,-1.624461583560332656e-05
-1.368421052631578938e+01,1.894736842105263008e+01,-1.147777875303290784e-04,-3.200757419108413160e-06
-1.368421052631578938e+01,2.000000000000000000e+01,-1.037370529957115650e-04,6.543685231008566916e-06
-1.157894736842105310e+01,0.000000000000000000e+00,6.858333363197743893e-04,0.000000000000000000e+00
-1.157894736842105310e+01,1.052631578947368363e+00,6.672265590168535709e-04,-1.206710367114283144e-04
-1.157894736842105310e+01,2.105263157894736725e+00,6.132913404144346714e-04,-2.318054903298616409e-04
-1.157894736842105310e+01,3.157894736842105310e+00,5.292700370773673058e-04,-3.251156012993305922e-04
-1.157894736842105310e+01,4.210526315789473450e+00,4.229947226122021675e-04,-3.944508498534560204e-04
-1.157894736842105310e+01,5.263157894736841591e+00,3.037863352801650763e-04,-4.363824555184692144e-04
-1.157894736842105310e+01,6.315789473684210620e+00,1.813514245441183448e-04,-4.502739175222814083e-04
-1.157894736842105310e+01,7.368421052631578760e+00,6.476524868048727512e-05,-4.381007165648043156e-04
-1.157894736842105310e+01,8.421052631578946901e+00,-3.840401041088625789e-05,-4.040529893245548010e-04
-1.157894736842105310e+01,9.473684210526315042e+00,-1.227560278493911028e-04,-3.538474848028272390e-04
-1.157894736842105310e+01,1.052631578947368318e+01,-1.854124420788139105e-04,-2.939634723588824272e-04
-1.157894736842105310e+01,1.157894736842105132e+01,-2.260641194880008698e-04,-2.307966933585703373e-04
-1.157894736842105310e+01,1.263157894736842124e+01,-2.466429723426699638e-04,-1.698745763860642910e-04
-1.157894736842105310e+01,1.368421052631578938e+01,-2.506792079657316208e-04,-1.152262411778792739e-04
-1.157894736842105310e+01,1.473684210526315752e+01,-2.424329286441206932e-04,-6.920098530827090144e-05
-1.157894736842105310e+01,1.578947368421052566e+01,-2.261266781715676188e-04,-3.253397517255507410e-05
-1.157894736842105310e+01,1.684210526315789380e+01,-2.053259522654116154e-04,-4.806772267329506576e-06
-1.157894736842105310e+01,1.789473684210526372e+01,-1.827995001804083586e-04,1.510864785814192146e-05
-1.157894736842105310e+01,1.894736842105263008e+01,-1.604196731932461262e-04,2.861975553969386965e-05
-1.157894736842105310e+01,2.000000000000000000e+01,-1.393705751979723573e-04,3.711616955115459859e-05
-9.473684210526316818e+00,0.000000000000000000e+00,1.215112162753939629e-03,7.275957614183425903e-12
-9.473684210526316818e+00,1.052631578947368363e+00,1.175189856439828873e-03,-2.304009394720196724e-04
-9.473684210526316818e+00,2.105263157894736725e+00,1.061461982317268848e-03,-4.381240869406610727e-04
-9.473684210526316818e+00,3.157894736842105310e+00,8.877141517587006092e-04,-6.059598526917397976e-04
-9.473684210526316818e+00,4.210526315789473450e+00,6.730139721184968948e-04,-7.221944979391992092e-04
-9.473684210526316818e+00,5.263157894736841591e+00,4.382708575576543808e-04,-7.820963510312139988e-04
-9.473684210526316818e+00,6.315789473684210620e+00,2.035307261394336820e-04,-7.866264204494655132e-04
-9.473684210526316818e+00,7.368421052631578760e+00,-1.326210622210055590e-05,-7.411619881168007851e-04
-9.473684210526316818e+00,8.421052631578946901e+00,-1.971094170585274696e-04,-6.549375248141586781e-04
-9.473684210526316818e+00,9.473684210526315042e+00,-3.371287602931261063e-04,-5.405215197242796421e-04
-9.473684210526316818e+00,1.052631578947368318e+01,-4.280397552065551281e-04,-4.128574219066649675e-04
-9.473684210526316818e+00,1.157894736842105132e+01,-4.711869114544242620e-04,-2.865624555852264166e-04
-9.473684210526316818e+00,1.263157894736842124e+01,-4.745250626001507044e-04,-1.740106381475925446e-04
-9.473684210526316818e+00,1.368421052631578938e+01,-4.488301929086446762e-04,-8.237300789915025234e-05
-9.473684210526316818e+00,1.473684210526315752e+01,-4.059775965288281441e-04,-1.350597085547633469e-05
-9.473684210526316818e+00,1.578947368421052566e+01,-3.555362927727401257e-04,3.409959754208102822e-05
-9.473684210526316818e+00,1.684210526315789380e+01,-3.044058976229280233e-04,6.418819248210638762e-05
-9.473684210526316818e+00,1.789473684210526372e+01,-2.566979965195059776e-04,8.103983418550342321e-05
-9.473684210526316818e+00,1.894736842105263008e+01,-2.144343015970662236e-04,8.856513886712491512e-05
-9.473684210526316818e+00,2.000000000000000000e+01,-1.781714236130937934e-04,8.990110654849559069e-05
-7.368421052631578760e+00,0.000000000000000000e+00,2.334931399673223495e-03,0.000000000000000000e+00
-7.368421052631578760e+00,1.052631578947368363e+00,2.239072229713201523e-03,-4.777348658535629511e-04
-7.368421052631578760e+00,2.105263157894736725e+00,1.970947021618485451e-03,-8.942059357650578022e-04
-7.368421052631578760e+00,3.157894736842105310e+00,1.576760434545576572e-03,-1.206278335303068161e-03
-7.368421052631578760e+00,4.210526315789473450e+00,1.113082980737090111e-03,-1.397466752678155899e-03
-7.368421052631578760e+00,5.263157894736841591e+00,6.276372005231678486e-04,-1.471739728003740311e-03
-7.368421052631578760e+00,6.315789473684210620e+00,1.572424662299454212e-04,-1.439639250747859478e-03
-7.368421052631578760e+00,7.368421052631578760e+00,-2.683431375771760941e-04,-1.312319654971361160e-03
-7.368421052631578760e+00,8.421052631578946901e+00,-6.188349798321723938e-04,-1.103124697692692280e-03
-7.368421052631578760e+00,9.473684210526315042e+00,-8.646890055388212204e-04,-8.359855273738503456e-04
-7.368421052631578760e+00,1.052631578947368318e+01,-9.886410553008317947e-04,-5.487169837579131126e-04
-7.368421052631578760e+00,1.157894736842105132e+01,-9.974294807761907578e-04,-2.840947418007999659e-04
-7.368421052631578760e+00,1.263157894736842124e+01,-9.208347182720899582e-04,-7.413956336677074432e-05
-7.368421052631578760e+00,1.368421052631578938e+01,-7.983334944583475590e-04,7.067693513818085194e-05
-7.368421052631578760e+00,1.473684210526315752e+01,-6.631390424445271492e-04,1.562030811328440905e-04
-7.368421052631578760e+00,1.578947368421052566e+01,-5.360869108699262142e-04,1.974407641682773829e-04
-7.368421052631578760e+00,1.684210526315789380e+01,-4.265299648977816105e-04,2.094552182825282216e-04
-7.368421052631578760e+00,1.789473684210526372e+01,-3.369313490111380816e-04,2.042015694314613938e-04
-7.368421052631578760e+00,1.894736842105263008e+01,-2.657287695910781622e-04,1.900498318718746305e-04
-7.368421052631578760e+00,2.000000000000000000e+01,-2.100192505167797208e-04,1.721316075418144464e-04
-5.263157894736842479e+00,0.000000000000000000e+00,5.082799587398767471e-03,1.818989403545856476e-12
-5.263157894736842479e+00,1.052631578947368363e+00,4.794660024344921112e-03,-1.144251786172389984e-03
-5.263157894736842479e+00,2.105263157894736725e+00,4.019545856863260269e-03,-2.061005216091871262e-03
-5.263157894736842479e+00,3.157894736842105310e+00,2.973370719701051712e-03,-2.623919397592544556e-03
-5.263157894736842479e+00,4.210526315789473450e+00,1.883935416117310524e-03,-2.863781293854117393e-03
-5.263157894736842479e+00,5.263157894736841591e+00,8.588201599195599556e-04,-2.884676679968833923e-03
-5.263157894736842479e+00,6.315789473684210620e+00,-9.479318396188318729e-05,-2.760178642347455025e-03
-5.263157894736842479e+00,7.368421052631578760e+00,-9.899104479700326920e-04,-2.487314632162451744e-03
-5.263157894736842479e+00,8.421052631578946901e+00,-1.777222496457397938e-03,-2.017757622525095940e-03
-5.263157894736842479e+00,9.473684210526315042e+00,-2.308674622327089310e-03,-1.341714174486696720e-03
-5.263157894736842479e+00,1.052631578947368318e+01,-2.453410997986793518e-03,-5.957271787337958813e-04
-5.263157894736842479e+00,1.157894736842105132e+01,-2.234435407444834709e-03,2.534024679334834218e-05
-5.263157894736842479e+00,1.263157894736842124e+01,-1.819389523006975651e-03,4.068820853717625141e-04
-5.263157894736842479e+00,1.368421052631578938e+01,-1.381454756483435631e-03,5.689074750989675522e-04
-5.263157894736842479e+00,1.473684210526315752e+01,-1.012661959975957870e-03,5.911887856200337410e-04
-5.263157894736842479e+00,1.578947368421052566e+01,-7.333735120482742786e-04,5.458747036755084991e-04
-5.263157894736842479e+00,1.684210526315789380e+01,-5.315816961228847504e-04,4.764247860293835402e-04
-5.263157894736842479e+00,1.789473684210526372e+01,-3.885673359036445618e-04,4.046656249556690454e-04
-5.263157894736842479e+00,1.894736842105263008e+01,-2.873956982512027025e-04,3.394462692085653543e-04
-5.263157894736842479e+00,2.000000000000000000e+01,-2.154303510906174779e-04,2.834394108504056931e-04
-3.157894736842106198e+00,0.000000000000000000e+00,1.404220331460237503e-02,5.820766091346740723e-11
-3.157894736842106198e+00,1.052631578947368363e+00,1.282852515578269958e-02,-3.647753037512302399e-03
-3.157894736842106198e+00,2.105263157894736725e+00,9.413870051503181458e-03,-6.079316139221191406e-03
-3.157894736842106198e+00,3.157894736842105310e+00,5.702566355466842651e-03,-6.522790994495153427e-03
-3.157894736842106198e+00,4.210526315789473450e+00,2.964701270684599876e-03,-6.093817763030529022e-03
-3.157894736842106198e+00,5.263157894736841591e+00,9.976258734241127968e-04,-5.616602953523397446e-03
-3.157894736842106198e+00,6.315789473684210620e+00,-6.973857525736093521e-04,-5.412308499217033386e-03
-3.157894736842106198e+00,7.368421052631578760e+00,-2.677415963262319565e-03,-5.315726622939109802e-03
-3.157894736842106198e+00,8.421052631578946901e+00,-5.191410891711711884e-03,-4.787162411957979202e-03
-3.157894736842106198e+00,9.473684210526315042e+00,-7.583423051983118057e-03,-2.796828048303723335e-03
-3.157894736842106198e+00,1.052631578947368318e+01,-7.706638425588607788e-03,2.618896542116999626e-04
-3.157894736842106198e+00,1.157894736842105132e+01,-5.634516943246126175e-03,2.111495239660143852e-03
-3.157894736842106198e+00,1.263157894736842124e+01,-3.480616025626659393e-03,2.363993553444743156e-03
-3.157894736842106198e+00,1.368421052631578938e+01,-2.067123306915163994e-03,1.982005545869469643e-03
-3.157894736842106198e+00,1.473684210526315752e+01,-1.249735476449131966e-03,1.525765284895896912e-03
-3.157894736842106198e+00,1.578947368421052566e+01,-7.829147507436573505e-04,1.149885705672204494e-03
-3.157894736842106198e+00,1.684210526315789380e+01,-5.091444472782313824e-04,8.687854860909283161e-04
-3.157894736842106198e+00,1.789473684210526372e+01,-3.428813943173736334e-04,6.635595345869660378e-04
-3.157894736842106198e+00,1.894736842105263008e+01,-2.382222155574709177e-04,5.137398838996887207e-04
-3.157894736842106198e+00,2.000000000000000000e+01,-1.700563880149275064e-04,4.033066798001527786e-04
-1.052631578947369917e+00,0.000000000000000000e+00,4.777879267930984497e-02,0.000000000000000000e+00
-1.052631578947369917e+00,1.052631578947368363e+00,9.969722479581832886e-02,-6.802607327699661255e-03
-1.052631578947369917e+00,2.105263157894736725e+00,2.260417118668556213e-02,-9.484235197305679321e-03
-1.052631578947369917e+00,3.157894736842105310e+00,5.933503620326519012e-03,6.127506028860807419e-03
-1.052631578947369917e+00,4.210526315789473450e+00,1.623403397388756275e-03,1.228236500173807144e-02
-1.052631578947369917e+00,5.263157894736841591e+00,1.208181711263023317e-04,1.466995291411876678e-02
-1.052631578947369917e+00,6.315789473684210620e+00,-6.542890914715826511e-04,1.454884093254804611e-02
-1.052631578947369917e+00,7.368421052631578760e+00,-2.675422932952642441e-03,1.155205443501472473e-02
-1.052631578947369917e+00,8.421052631578946901e+00,-1.080686226487159729e-02,3.171802032738924026e-03
-1.052631578947369917e+00,9.473684210526315042e+00,-4.925325885415077209e-02,-1.303643546998500824e-02
-1.052631578947369917e+00,1.052631578947368318e+01,-4.960875585675239563e-02,3.442352637648582458e-02
-1.052631578947369917e+00,1.157894736842105132e+01,-1.082888897508382797e-02,1.734307780861854553e-02
-1.052631578947369917e+00,1.263157894736842124e+01,-3.405553754419088364e-03,8.318354375660419464e-03
-1.052631578947369917e+00,1.368421052631578938e+01,-1.398218795657157898e-03,4.533437080681324005e-03
-1.052631578947369917e+00,1.473684210526315752e+01,-6.844847230240702629e-04,2.735849469900131226e-03
-1.052631578947369917e+00,1.578947368421052566e+01,-3.760732943192124367e-04,1.776023069396615028e-03
-1.052631578947369917e+00,1.684210526315789380e+01,-2.248971286462619901e-04,1.217412762343883514e-03
-1.052631578947369917e+00,1.789473684210526372e+01,-1.428223040420562029e-04,8.694325224496424198e-04
-1.052631578947369917e+00,1.894736842105263008e+01,-9.528364898869767785e-05,6.416069227270781994e-04
-1.052631578947369917e+00,2.000000000000000000e+01,-6.594769365619868040e-05,4.858991305809468031e-04
1.052631578947366364e+00,0.000000000000000000e+00,-4.777879267930984497e-02,0.000000000000000000e+00
1.052631578947366364e+00,1.052631578947368363e+00,-9.969722479581832886e-02,-6.802607327699661255e-03
1.052631578947366364e+00,2.105263157894736725e+00,-2.260417118668556213e-02,-9.484235197305679321e-03
1.052631578947366364e+00,3.157894736842105310e+00,-5.933503620326519012e-03,6.127506028860807419e-03
1.052631578947366364e+00,4.210526315789473450e+00,-1.623403397388756275e-03,1.228236500173807144e-02
1.052631578947366364e+00,5.263157894736841591e+00,-1.208181711263023317e-04,1.466995291411876678e-02
1.052631578947366364e+00,6.315789473684210620e+00,6.542890914715826511e-04,1.454884093254804611e-02
1.052631578947366364e+00,7.368421052631578760e+00,2.675422932952642441e-03,1.155205443501472473e-02
1.052631578947366364e+00,8.421052631578946901e+00,1.080686226487159729e-02,3.171802032738924026e-03
1.052631578947366364e+00,9.473684210526315042e+00,4.925325885415077209e-02,-1.303643546998500824e-02
1.052631578947366364e+00,1.052631578947368318e+01,4.960875585675239563e-02,3.442352637648582458e-02
1.052631578947366364e+00,1.157894736842105132e+01,1.082888897508382797e-02,1.734307780861854553e-02
1.052631578947366364e+00,1.263157894736842124e+01,3.405553754419088364e-03,8.318354375660419464e-03
1.052631578947366364e+00,1.368421052631578938e+01,1.398218795657157898e-03,4.533437080681324005e-03
1.052631578947366364e+00,1.473684210526315752e+01,6.844847230240702629e-04,2.735849469900131226e-03
1.052631578947366364e+00,1.578947368421052566e+01,3.760732943192124367e-04,1.776023069396615028e-03
1.052631578947366364e+00,1.684210526315789380e+01,2.248971286462619901e-04,1.217412762343883514e-03
1.052631578947366364e+00,1.789473684210526372e+01,1.428223040420562029e-04,8.694325224496424198e-04
1.052631578947366364e+00,1.894736842105263008e+01,9.528364898869767785e-05,6.416069227270781994e-04
1.052631578947366364e+00,2.000000000000000000e+01,6.594769365619868040e-05,4.858991305809468031e-04
3.157894736842102645e+00,0.000000000000000000e+00,-1.404220331460237503e-02,5.820766091346740723e-11
3.157894736842102645e+00,1.052631578947368363e+00,-1.282852515578269958e-02,-3.647753037512302399e-03
3.157894736842102645e+00,2.105263157894736725e+00,-9.413870051503181458e-03,-6.079316139221191406e-03
3.157894736842102645e+00,3.157894736842105310e+00,-5.702566355466842651e-03,-6.522790994495153427e-03
3.157894736842102645e+00,4.210526315789473450e+00,-2.964701270684599876e-03,-6.093817763030529022e-03
3.157894736842102645e+00,5.263157894736841591e+00,-9.976258734241127968e-04,-5.616602953523397446e-03
3.157894736842102645e+00,6.315789473684210620e+00,6.973857525736093521e-04,-5.412308499217033386e-03
3.157894736842102645e+00,7.368421052631578760e+00,2.677415963262319565e-03,-5.315726622939109802e-03
3.157894736842102645e+00,8.421052631578946901e+00,5.191410891711711884e-03,-4.787162411957979202e-03
3.157894736842102645e+00,9.473684210526315042e+00,7.583423051983118057e-03,-2.796828048303723335e-03
3.157894736842102645e+00,1.052631578947368318e+01,7.706638425588607788e-03,2.618896542116999626e-04
3.157894736842102645e+00,1.157894736842105132e+01,5.634516943246126175e-03,2.111495239660143852e-03
3.157894736842102645e+00,1.263157894736842124e+01,3.480616025626659393e-03,2.363993553444743156e-03
3.157894736842102645e+00,1.368421052631578938e+01,2.067123306915163994e-03,1.982005545869469643e-03
3.157894736842102645e+00,1.473684210526315752e+01,1.249735476449131966e-03,1.525765284895896912e-03
3.157894736842102645e+00,1.578947368421052566e+01,7.829147507436573505e-04,1.149885705672204494e-03
3.157894736842102645e+00,1.684210526315789380e+01,5.091444472782313824e-04,8.687854860909283161e-04
3.157894736842102645e+00,1.789473684210526372e+01,3.428813943173736334e-04,6.635595345869660378e-04
3.157894736842102645e+00,1.894736842105263008e+01,2.382222155574709177e-04,5.137398838996887207e-04
3.157894736842102645e+00,2.000000000000000000e+01,1.700563880149275064e-04,4.033066798001527786e-04
5.263157894736842479e+00,0.000000000000000000e+00,-5.082799587398767471e-03,1.818989403545856476e-12
5.263157894736842479e+00,1.052631578947368363e+00,-4.794660024344921112e-03,-1.144251786172389984e-03
5.263157894736842479e+00,2.105263157894736725e+00,-4.019545856863260269e-03,-2.061005216091871262e-03
5.263157894736842479e+00,3.157894736842105310e+00,-2.973370719701051712e-03,-2.623919397592544556e-03
5.263157894736842479e+00,4.210526315789473450e+00,-1.883935416117310524e-03,-2.863781293854117393e-03
5.263157894736842479e+00,5.263157894736841591e+00,-8.588201599195599556e-04,-2.884676679968833923e-03
5.263157894736842479e+00,6.315789473684210620e+00,9.479318396188318729e-05,-2.760178642347455025e-03
5.263157894736842479e+00,7.368421052631578760e+00,9.899104479700326920e-04,-2.487314632162451744e-03
5.263157894736842479e+00,8.421052631578946901e+00,1.777222496457397938e-03,-2.017757622525095940e-03
5.263157894736842479e+00,9.473684210526315042e+00,2.308674622327089310e-03,-1.341714174486696720e-03
5.263157894736842479e+00,1.052631578947368318e+01,2.453410997986793518e-03,-5.957271787337958813e-04
5.263157894736842479e+00,1.157894736842105132e+01,2.234435407444834709e-03,2.534024679334834218e-05
5.263157894736842479e+00,1.263157894736842124e+01,1.819389523006975651e-03,4.068820853717625141e-04
5.263157894736842479e+00,1.368421052631578938e+01,1.381454756483435631e-03,5.689074750989675522e-04
5.263157894736842479e+00,1.473684210526315752e+01,1.012661959975957870e-03,5.911887856200337410e-04
5.263157894736842479e+00,1.578947368421052566e+01,7.333735120482742786e-04,5.458747036755084991e-04
5.263157894736842479e+00,1.684210526315789380e+01,5.315816961228847504e-04,4.764247860293835402e-04
5.263157894736842479e+00,1.789473684210526372e+01,3.885673359036445618e-04,4.046656249556690454e-04
5.263157894736842479e+00,1.894736842105263008e+01,2.873956982512027025e-04,3.394462692085653543e-04
5.263157894736842479e+00,2.000000000000000000e+01,2.154303510906174779e-04,2.834394108504056931e-04
7.368421052631578760e+00,0.000000000000000000e+00,-2.334931399673223495e-03,0.000000000000000000e+00
7.368421052631578760e+00,1.052631578947368363e+00,-2.239072229713201523e-03,-4.777348658535629511e-04
7.368421052631578760e+00,2.105263157894736725e+00,-1.970947021618485451e-03,-8.942059357650578022e-04
7.368421052631578760e+00,3.157894736842105310e+00,-1.576760434545576572e-03,-1.206278335303068161e-03
7.368421052631578760e+00,4.210526315789473450e+00,-1.113082980737090111e-03,-1.397466752678155899e-03
7.368421052631578760e+00,5.263157894736841591e+00,-6.276372005231678486e-04,-1.471739728003740311e-03
7.368421052631578760e+00,6.315789473684210620e+00,-1.572424662299454212e-04,-1.439639250747859478e-03
7.368421052631578760e+00,7.368421052631578760e+00,2.683431375771760941e-04,-1.312319654971361160e-03
7.368421052631578760e+00,8.421052631578946901e+00,6.188349798321723938e-04,-1.103124697692692280e-03
7.368421052631578760e+00,9.473684210526315042e+00,8.646890055388212204e-04,-8.359855273738503456e-04
7.368421052631578760e+00,1.052631578947368318e+01,9.886410553008317947e-04,-5.487169837579131126e-04
7.368421052631578760e+00,1.157894736842105132e+01,9.974294807761907578e-04,-2.840947418007999659e-04
7.368421052631578760e+00,1.263157894736842124e+01,9.208347182720899582e-04,-7.413956336677074432e-05
7.368421052631578760e+00,1.368421052631578938e+01,7.983334944583475590e-04,7.067693513818085194e-05
7.368421052631578760e+00,1.473684210526315752e+01,6.631390424445271492e-04,1.562030811328440905e-04
7.368421052631578760e+00,1.578947368421052566e+01,5.360869108699262142e-04,1.974407641682773829e-04
7.368421052631578760e+00,1.684210526315789380e+01,4.265299648977816105e-04,2.094552182825282216e-04
7.368421052631578760e+00,1.789473684210526372e+01,3.369313490111380816e-04,2.042015694314613938e-04
7.368421052631578760e+00,1.894736842105263008e+01,2.657287695910781622e-04,1.900498318718746305e-04
7.368421052631578760e+00,2.000000000000000000e+01,2.100192505167797208e-04,1.721316075418144464e-04
9.473684210526315042e+00,0.000000000000000000e+00,-1.215112162753939629e-03,7.275957614183425903e-12
9.473684210526315042e+00,1.052631578947368363e+00,-1.175189856439828873e-03,-2.304009394720196724e-04
9.473684210526315042e+00,2.105263157894736725e+00,-1.061461982317268848e-03,-4.381240869406610727e-04
9.473684210526315042e+00,3.157894736842105310e+00,-8.877141517587006092e-04,-6.059598526917397976e-04
9.473684210526315042e+00,4.210526315789473450e+00,-6.730139721184968948e-04,-7.221944979391992092e-04
9.473684210526315042e+00,5.263157894736841591e+00,-4.382708575576543808e-04,-7.820963510312139988e-04
9.473684210526315042e+00,6.315789473684210620e+00,-2.035307261394336820e-04,-7.866264204494655132e-04
9.473684210526315042e+00,7.368421052631578760e+00,1.326210622210055590e-05,-7.411619881168007851e-04
9.473684210526315042e+00,8.421052631578946901e+00,1.971094170585274696e-04,-6.549375248141586781e-04
9.473684210526315042e+00,9.473684210526315042e+00,3.371287602931261063e-04,-5.405215197242796421e-04
9.473684210526315042e+00,1.052631578947368318e+01,4.280397552065551281e-04,-4.128574219066649675e-04
9.473684210526315042e+00,1.157894736842105132e+01,4.711869114544242620e-04,-2.865624555852264166e-04
9.473684210526315042e+00,1.263157894736842124e+01,4.745250626001507044e-04,-1.740106381475925446e-04
9.473684210526315042e+00,1.368421052631578938e+01,4.488301929086446762e-04,-8.237300789915025234e-05
9.473684210526315042e+00,1.473684210526315752e+01,4.059775965288281441e-04,-1.350597085547633469e-05
9.473684210526315042e+00,1.578947368421052566e+01,3.555362927727401257e-04,3.409959754208102822e-05
9.473684210526315042e+00,1.684210526315789380e+01,3.044058976229280233e-04,6.418819248210638762e-05
9.473684210526315042e+00,1.789473684210526372e+01,2.566979965195059776e-04,8.103983418550342321e-05
9.473684210526315042e+00,1.894736842105263008e+01,2.144343015970662236e-04,8.856513886712491512e-05
9.473684210526315042e+00,2.000000000000000000e+01,1.781714236130937934e-04,8.990110654849559069e-05
1.157894736842105132e+01,0.000000000000000000e+00,-6.858333363197743893e-04,0.000000000000000000e+00
1.157894736842105132e+01,1.052631578947368363e+00,-6.672265590168535709e-04,-1.206710367114283144e-04
1.157894736842105132e+01,2.105263157894736725e+00,-6.132913404144346714e-04,-2.318054903298616409e-04
1.157894736842105132e+01,3.157894736842105310e+00,-5.292700370773673058e-04,-3.251156012993305922e-04
1.157894736842105132e+01,4.210526315789473450e+00,-4.229947226122021675e-04,-3.944508498534560204e-04
1.157894736842105132e+01,5.263157894736841591e+00,-3.037863352801650763e-04,-4.363824555184692144e-04
1.157894736842105132e+01,6.315789473684210620e+00,-1.813514245441183448e-04,-4.502739175222814083e-04
1.157894736842105132e+01,7.368421052631578760e+00,-6.476524868048727512e-05,-4.381007165648043156e-04
1.157894736842105132e+01,8.421052631578946901e+00,3.840401041088625789e-05,-4.040529893245548010e-04
1.157894736842105132e+01,9.473684210526315042e+00,1.227560278493911028e-04,-3.538474848028272390e-04
1.157894736842105132e+01,1.052631578947368318e+01,1.854124420788139105e-04,-2.939634723588824272e-04
1.157894736842105132e+01,1.157894736842105132e+01,2.260641194880008698e-04,-2.307966933585703373e-04
1.157894736842105132e+01,1.263157894736842124e+01,2.466429723426699638e-04,-1.698745763860642910e-04
1.157894736842105132e+01,1.368421052631578938e+01,2.506792079657316208e-04,-1.152262411778792739e-04
1.157894736842105132e+01,1.473684210526315752e+01,2.424329286441206932e-04,-6.920098530827090144e-05
1.157894736842105132e+01,1.578947368421052566e+01,2.261266781715676188e-04,-3.253397517255507410e-05
1.157894736842105132e+01,1.684210526315789380e+01,2.053259522654116154e-04,-4.806772267329506576e-06
1.157894736842105132e+01,1.789473684210526372e+01,1.827995001804083586e-04,1.510864785814192146e-05
1.157894736842105132e+01,1.894736842105263008e+01,1.604196731932461262e-04,2.861975553969386965e-05
1.157894736842105132e+01,2.000000000000000000e+01,1.393705751979723573e-04,3.711616955115459859e-05
1.368421052631578760e+01,0.000000000000000000e+00,-4.116109921596944332e-04,-7.275957614183425903e-12
1.368421052631578760e+01,1.052631578947368363e+00,-4.021371714770793915e-04,-6.726048741256818175e-05
1.368421052631578760e+01,2.105263157894736725e+00,-3.745395224541425705e-04,-1.299427094636484981e-04
1.368421052631578760e+01,3.157894736842105310e+00,-3.311487380415201187e-04,-1.839648757595568895e-04
1.368421052631578760e+01,4.210526315789473450e+00,-2.755208115559071302e-04,-2.261742629343643785e-04
1.368421052631578760e+01,5.263157894736841591e+00,-2.120099379681050777e-04,-2.545914903748780489e-04
1.368421052631578760e+01,6.315789473684210620e+00,-1.452905562473461032e-04,-2.685241051949560642e-04
1.368421052631578760e+01,7.368421052631578760e+00,-7.982492388691753149e-05,-2.686025400180369616e-04
1.368421052631578760e+01,8.421052631578946901e+00,-1.951719605131074786e-05,-2.564834721852093935e-04
1.368421052631578760e+01,9.473684210526315042e+00,3.266762359999120235e-05,-2.346619439776986837e-04
1.368421052631578760e+01,1.052631578947368318e+01,7.484332309104502201e-05,-2.060684928437694907e-04
1.368421052631578760e+01,1.157894736842105132e+01,1.062857845681719482e-04,-1.737420971039682627e-04
1.368421052631578760e+01,1.263157894736842124e+01,1.272802910534664989e-04,-1.404396898578852415e-04
1.368421052631578760e+01,1.368421052631578938e+01,1.389181124977767467e-04,-1.084378309315070510e-04
1.368421052631578760e+01,1.473684210526315752e+01,1.427891402272507548e-04,-7.933884626254439354e-05
1.368421052631578760e+01,1.578947368421052566e+01,1.406705850968137383e-04,-5.410076119005680084e-05
1.368421052631578760e+01,1.684210526315789380e+01,1.343301555607467890e-04,-3.308683153591118753e-05
1.368421052631578760e+01,1.789473684210526372e+01,1.252971414942294359e-04,-1.624461583560332656e-05
1.368421052631578760e+01,1.894736842105263008e+01,1.147777875303290784e-04,-3.200757419108413160e-06
1.368421052631578760e+01,2.000000000000000000e+01,1.037370529957115650e-04,6.543685231008566916e-06
1.578947368421052744e+01,0.000000000000000000e+00,-2.594928955659270287e-04,0.000000000000000000e+00
1.578947368421052744e+01,1.052631578947368363e+00,-2.543979207985103130e-04,-3.933885818696580827e-05
1.578947368421052744e+01,2.105263157894736725e+00,-2.395072951912879944e-04,-7.635542715433984995e-05
1.578947368421052744e+01,3.157894736842105310e+00,-2.159238501917570829e-04,-1.089412398869171739e-04
1.578947368421052744e+01,4.210526315789473450e+00,-1.853553549153730273e-04,-1.354466076008975506e-04
1.578947368421052744e+01,5.263157894736841591e+00,-1.499291101936250925e-04,-1.546960993437096477e-04
1.578947368421052744e+01,6.315789473684210620e+00,-1.119692460633814335e-04,-1.661957503529265523e-04
1.578947368421052744e+01,7.368421052631578760e+00,-7.376429857686161995e-05,-1.700534194242209196e-04
1.578947368421052744e+01,8.421052631578946901e+00,-3.738732630154117942e-05,-1.669093471718952060e-04
1.578947368421052744e+01,9.473684210526315042e+00,-4.516034096013754606e-06,-1.578669616719707847e-04
1.578947368421052744e+01,1.052631578947368318e+01,2.364352621953003109e-05,-1.442786888219416142e-04
1.578947368421052744e+01,1.157894736842105132e+01,4.644209911930374801e-05,-1.276278198929503560e-04
1.578947368421052744e+01,1.263157894736842124e+01,6.370648043230175972e-05,-1.093596656573936343e-04
1.578947368421052744e+01,1.368421052631578938e+01,7.567186548840254545e-05,-9.072088869288563728e-05
1.578947368421052744e+01,1.473684210526315752e+01,8.289769903058186173e-05,-7.274733798112720251e-05
1.578947368421052744e+01,1.578947368421052566e+01,8.613533282186836004e-05,-5.615476402454078197e-05
1.578947368421052744e+01,1.684210526315789380e+01,8.618516585556790233e-05,-4.141044701100327075e-05
1.578947368421052744e+01,1.789473684210526372e+01,8.384916145587339997e-05,-2.872007098631002009e-05
1.578947368421052744e+01,1.894736842105263008e+01,7.985552656464278698e-05,-1.811789115890860558e-05
1.578947368421052744e+01,2.000000000000000000e+01,7.478525367332622409e-05,-9.482853783993050456e-06
1.789473684210526017e+01,0.000000000000000000e+00,-1.704861060716211796e-04,3.637978807091712952e-12
1.789473684210526017e+01,1.052631578947368363e+00,-1.676218525972217321e-04,-2.399297954980283976e-05
1.789473684210526017e+01,2.105263157894736725e+00,-1.592120243003591895e-04,-4.675590753322467208e-05
1.789473684210526017e+01,3.157894736842105310e+00,-1.458108599763363600e-04,-6.716145435348153114e-05
1.789473684210526017e+01,4.210526315789473450e+00,-1.282822922803461552e-04,-8.427022112300619483e-05
1.789473684210526017e+01,5.263157894736841591e+00,-1.076967964763753116e-04,-9.743933333083987236e-05
1.789473684210526017e+01,6.315789473684210620e+00,-8.526454621460288763e-05,-1.062945666490122676e-04
1.789473684210526017e+01,7.368421052631578760e+00,-6.219859642442315817e-05,-1.107942007365636528e-04
1.789473684210526017e+01,8.421052631578946901e+00,-3.964074130635708570e-05,-1.111729434342123568e-04
1.789473684210526017e+01,9.473684210526315042e+00,-1.855047776189167053e-05,-1.079131325241178274e-04
1.789473684210526017e+01,1.052631578947368318e+01,3.138702595606446266e-07,-1.016435053315944970e-04
1.789473684210526017e+01,1.157894736842105132e+01,1.644901203690096736e-05,-9.313366172136738896e-05
1.789473684210526017e+01,1.263157894736842124e+01,2.961897916975431144e-05,-8.310428529512137175e-05
1.789473684210526017e+01,1.368421052631578938e+01,3.978418681072071195e-05,-7.229014590848237276e-05
1.789473684210526017e+01,1.473684210526315752e+01,4.710307985078543425e-05,-6.130611291155219078e-05
1.789473684210526017e+01,1.578947368421052566e+01,5.185572808841243386e-05,-5.063981006969697773e-05
1.789473684210526017e+01,1.684210526315789380e+01,5.440392851596698165e-05,-4.067034387844614685e-05
1.789473684210526017e+01,1.789473684210526372e+01,5.514270014828070998e-05,-3.161879430990666151e-05
1.789473684210526017e+01,1.894736842105263008e+01,5.447167495731264353e-05,-2.363362000323832035e-05
1.789473684210526017e+01,2.000000000000000000e+01,5.273490387480705976e-05,-1.674480154179036617e-05
2.000000000000000000e+01,0.000000000000000000e+00,-1.159968669526278973e-04,3.637978807091712952e-12
2.000000000000000000e+01,1.052631578947368363e+00,-1.143304252764210105e-04,-1.518053431937005371e-05
2.000000000000000000e+01,2.105263157894736725e+00,-1.093919272534549236e-04,-2.968373337353114039e-05
2.000000000000000000e+01,3.157894736842105310e+00,-1.014745575957931578e-04,-4.288004856789484620e-05
2.000000000000000000e+01,4.210526315789473450e+00,-9.103277989197522402e-05,-5.424012488219887018e-05
2.000000000000000000e+01,5.263157894736841591e+00,-7.863205246394500136e-05,-6.335632497211918235e-05
2.000000000000000000e+01,6.315789473684210620e+00,-6.492308602901175618e-05,-6.999600736889988184e-05
2.000000000000000000e+01,7.368421052631578760e+00,-5.057027738075703382e-05,-7.408321107504889369e-05
2.000000000000000000e+01,8.421052631578946901e+00,-3.621600626502186060e-05,-7.568329601781442761e-05
2.000000000000000000e+01,9.473684210526315042e+00,-2.243140988866798580e-05,-7.499695493606850505e-05
2.000000000000000000e+01,1.052631578947368318e+01,-9.700108421384356916e-06,-7.233893848024308681e-05
2.000000000000000000e+01,1.157894736842105132e+01,1.653263097978197038e-06,-6.808306352468207479e-05
2.000000000000000000e+01,1.263157894736842124e+01,1.140551830758340657e-05,-6.263702380238100886e-05
2.000000000000000000e+01,1.368421052631578938e+01,1.944099858519621193e-05,-5.638746006297878921e-05
2.000000000000000000e+01,1.473684210526315752e+01,2.576667793618980795e-05,-4.971023372490890324e-05
2.000000000000000000e+01,1.578947368421052566e+01,3.048437974939588457e-05,-4.293744132155552506e-05
2.000000000000000000e+01,1.684210526315789380e+01,3.372620267327874899e-05,-3.631830259109847248e-05
2.000000000000000000e+01,1.789473684210526372e+01,3.568928514141589403e-05,-3.005169128300622106e-05
2.000000000000000000e+01,1.894736842105263008e+01,3.657426714198663831e-05,-2.427826984785497189e-05
2.000000000000000000e+01,2.000000000000000000e+01,3.657885099528357387e-05,-1.907260957523249090e-05
